username,game_url,game_index,event_index,opportunity_cp,target_pawns,t_turns_engine,converted_actual,t_turns_actual,opponent_move_ply_index,opponent_move_san,opponent_move_uci,best_reply_san,best_reply_uci,fen_before,fen_after,pv_moves,pv_evals,eval_before,white_player,black_player,player_color,time_control,game_result,end_time
k2f4x,Chess.com,0,0,102,1,3,1,3,13,Qxd1+,d8d1,Rxd1,a1d1,rnbq1rk1/ppp1ppbp/5np1/4P1B1/2P5/2N5/PP3PPP/R2QKBNR b KQ - 0 7,rnb2rk1/ppp1ppbp/5np1/4P1B1/2P5/2N5/PP3PPP/R2qKBNR w KQ - 0 8,a1d1|f6g4|g5e7,-20|-13|-19,-16,k2f4x,gouagoua,white,180,0-1,2026.01.10 05:52:44
k2f4x,Chess.com,0,1,420,4,5,1,5,17,e6,e7e6,Nxc7,d5c7,rnb2rk1/pppnppbp/6p1/3NP1B1/2P5/8/PP3PPP/3RKBNR b K - 2 9,rnb2rk1/pppn1pbp/4p1p1/3NP1B1/2P5/8/PP3PPP/3RKBNR w K - 0 10,d5c7|b8a6|c7a8|d7e5|g5e7,385|391|384|409|403,382,k2f4x,gouagoua,white,180,0-1,2026.01.10 05:52:44
k2f4x,Chess.com,0,2,217,2,5,0,,33,Nxa3,c2a3,Bd6,f4d6,2b2rk1/5pbp/np2p1p1/8/2P2B2/PP6/2n1BPPP/3R1KNR b - - 2 17,2b2rk1/5pbp/np2p1p1/8/2P2B2/nP6/4BPPP/3R1KNR w - - 0 18,f4d6|a6c5|d6f8|g7f8|h2h4,391|378|384|392|369,385,k2f4x,gouagoua,white,180,0-1,2026.01.10 05:52:44
k2f4x,Chess.com,0,3,217,2,27,0,,39,Ba6,c8a6,Rd6,d1d6,2b2rk1/5pbp/1p2p1p1/8/1nP2B2/1P3NP1/2n1BPKP/3R3R b - - 2 20,5rk1/5pbp/bp2p1p1/8/1nP2B2/1P3NP1/2n1BPKP/3R3R w - - 3 21,d1d6|a6b7|d6b6|b7e4|h1d1|e6e5|f4d2|b4a2|g2g1|e4f5|b6a6|c2b4|a6b6|b4c2|c4c5|e5e4|f3e1|c2d4|e2c4|f5g4|d1a1|d4b3|a1a2|b3d2|a2d2|g7c3|b6d6,346|349|362|347|341|355|333|353|375|373|349|362|377|390|395|394|405|385|391|413|419|438|432|446|447|453|468,334,k2f4x,gouagoua,white,180,0-1,2026.01.10 05:52:44
k2f4x,Chess.com,0,4,197,1,5,1,5,41,b5,b6b5,Bxb4,d2b4,5rk1/5pbp/bp2p1p1/8/1nP5/1P3NP1/2nBBPKP/3R3R b - - 4 21,5rk1/5pbp/b3p1p1/1p6/1nP5/1P3NP1/2nBBPKP/3R3R w - - 0 22,d2b4|c2b4|c4b5|a6b7|d1d7,336|342|317|341|333,324,k2f4x,gouagoua,white,180,0-1,2026.01.10 05:52:44
k2f4x,Chess.com,0,5,247,2,31,0,,53,Nb4,d5b4,Rc7,c2c7,5rk1/1b3pbp/4p1p1/1P1n4/8/1P3NP1/2R1BP1P/3R2K1 b - - 8 27,5rk1/1b3pbp/4p1p1/1P6/1n6/1P3NP1/2R1BP1P/3R2K1 w - - 9 28,c2c7|b7d5|d1c1|g7f6|c7c8|f8c8|c1c8|g8g7|b5b6|g6g5|f3d2|f6d4|d2c4|h7h5|e2h5|b4d3|c8c7|g7h6|h5e2|d3f2|g1f1|f2e4|c7f7|e4c5|b3b4|h6g6|c4d6|g5g4|b4c5|d4c5|e2d3,426|401|418|444|434|512|500|484|462|488|501|504|495|500|500|507|513|518|532|520|525|534|532|566|552|605|582|682|689|651|638,411,k2f4x,gouagoua,white,180,0-1,2026.01.10 05:52:44
k2f4x,Chess.com,1,0,812,8,31,0,,41,Qe4,e7e4,Nxe4,c3e4,r3r1k1/4qpp1/2p2b1p/2Pp1Q2/1P3P2/2N1P3/6PP/2R1R1K1 b - - 0 21,r3r1k1/5pp1/2p2b1p/2Pp1Q2/1P2qP2/2N1P3/6PP/2R1R1K1 w - - 1 22,c3e4|d5e4|f5d7|g7g5|d7c6|f6g7|f4g5|h6g5|c1d1|a8b8|c6d7|e8f8|c5c6|b8b4|d7e7|b4b3|c6c7|b3d3|d1b1|d3c3|b1b8|g5g4|e1f1|f7f6|b8f8|g7f8|e7f6|c3c7|f6f8|g8h7|f8f5,570|582|585|622|631|633|675|644|667|667|680|700|691|707|729|767|729|724|736|781|852|740|10000|1080|10000|10000|10000|10000|10000|10000|10000,584,k2f4x,Dudulica,white,180,1-0,2026.01.10 16:35:00
k2f4x,Chess.com,1,1,212,2,9,1,7,45,cxb5,c6b5,Nxb5,c3b5,r3r1k1/5pp1/2p2b1p/1PP5/4pP2/2N1P3/6PP/2R1R1K1 b - - 0 23,r3r1k1/5pp1/5b1p/1pP5/4pP2/2N1P3/6PP/2R1R1K1 w - - 0 24,c3b5|e8b8|b5d6|f6e7|d6f5|b8b2|f5e7|g8f8|c1b1,197|177|211|208|219|284|308|293|381,239,k2f4x,Dudulica,white,180,1-0,2026.01.10 16:35:00
k2f4x,Chess.com,1,2,145,1,17,1,5,47,Rec8,e8c8,c6,c5c6,r3r1k1/5pp1/5b1p/1NP5/4pP2/4P3/6PP/2R1R1K1 b - - 0 24,r1r3k1/5pp1/5b1p/1NP5/4pP2/4P3/6PP/2R1R1K1 w - - 1 25,c5c6|a8a5|b5d6|c8c7|d6e8|c7c8|e8d6|c8c7|d6e8|c7c8|e8d6|c8c7|c1c4|f6e7|d6e4|f7f5|e4g3,320|292|319|287|323|311|313|313|321|311|319|323|319|313|310|325|293,324,k2f4x,Dudulica,white,180,1-0,2026.01.10 16:35:00
k2f4x,Chess.com,1,3,115,1,31,1,5,51,Rac8,a8c8,Red1,e1d1,r5k1/5pp1/2r2b1p/2P5/4NP2/4P3/6PP/2R1R1K1 b - - 0 26,2r3k1/5pp1/2r2b1p/2P5/4NP2/4P3/6PP/2R1R1K1 w - - 1 27,e1d1|f6e7|d1d5|g7g6|g2g4|c8b8|g1g2|b8b2|g2g3|g8g7|h2h4|b2b3|g3f3|e7h4|d5d7|g6g5|f4f5|c6a6|e4d2|b3b4|c5c6|h6h5|c6c7|h5g4|f3g2|a6a8|c7c8q|a8c8|c1c8|b4b2|c8c7,315|304|294|305|308|292|304|311|306|317|342|319|331|347|333|367|376|423|446|453|492|488|520|531|397|438|430|454|480|484|473,302,k2f4x,Dudulica,white,180,1-0,2026.01.10 16:35:00
k2f4x,Chess.com,1,4,484,4,37,0,,53,Be7,f6e7,Nxc8,d6c8,2r3k1/5pp1/2rN1b1p/2P5/5P2/4P3/6PP/2R1R1K1 b - - 2 27,2r3k1/4bpp1/2rN3p/2P5/5P2/4P3/6PP/2R1R1K1 w - - 3 28,d6c8|c6c8|c5c6|e7a3|c1c2|g8f8|e1b1|a3d6|b1b7|f8e8|g2g3|d6c7|c2d2|c7d8|g1g2|g7g5|d2d6|h6h5|f4g5|d8g5|g2f3|g5d8|h2h4|d8e7|d6d7|e7d8|d7f7|c8c6|f7h7|d8f6|b7b8|f6d8|h7h8|e8f7|b8d8|c6c5|d8d7,544|543|552|533|540|534|538|542|528|562|551|540|566|563|591|599|583|611|602|581|586|613|598|624|628|653|654|685|636|683|657|647|660|650|666|679|721,552,k2f4x,Dudulica,white,180,1-0,2026.01.10 16:35:00
k2f4x,Chess.com,1,5,240,2,9,0,,85,Ke5,e6e5,Rd7,d3d7,8/2b3r1/2P1kp2/8/2R1P2P/3R3K/8/8 b - - 12 43,8/2b3r1/2P2p2/4k3/2R1P2P/3R3K/8/8 w - - 13 44,d3d7|g7d7|c6d7|c7d8|c4c8|f6f5|c8d8|e5d6|e4f5,639|723|919|792|932|1034|1417|1211|10000,621,k2f4x,Dudulica,white,180,1-0,2026.01.10 16:35:00
k2f4x,Chess.com,1,6,668,6,5,1,15,89,Rxd7,g7d7,cxd7,c6d7,8/2bR2r1/2P1kp2/8/2R1P2P/7K/8/8 b - - 16 45,8/2br4/2P1kp2/8/2R1P2P/7K/8/8 w - - 0 46,c6d7|e6d7|c4c7|d7e6|c7c5,687|1255|1069|1063|10000,699,k2f4x,Dudulica,white,180,1-0,2026.01.10 16:35:00
k2f4x,Chess.com,1,7,418,4,9,0,,91,Kxd7,e6d7,Rxc7+,c4c7,8/2bP4/4kp2/8/2R1P2P/7K/8/8 b - - 0 46,8/2bk4/5p2/8/2R1P2P/7K/8/8 w - - 0 47,c4c7|d7d6|c7c4|d6e5|h3g4|f6f5|e4f5|e5d6|g4h5,1163|1148|10000|1043|1314|1432|10000|1420|10000,1071,k2f4x,Dudulica,white,180,1-0,2026.01.10 16:35:00
k2f4x,Chess.com,1,8,110,1,9,1,11,93,Be5,c7e5,Kg4,h3g4,8/2bk4/5p2/7P/2R1P3/7K/8/8 b - - 0 47,8/3k4/5p2/4b2P/2R1P3/7K/8/8 w - - 1 48,h3g4|d7e6|h5h6|e5b2|h6h7|f6f5|e4f5|e6e7|g4g5,781|794|819|966|977|909|923|1183|1094,734,k2f4x,Dudulica,white,180,1-0,2026.01.10 16:35:00
k2f4x,Chess.com,2,0,175,1,9,1,19,32,b4,b2b4,f5,f6f5,rn1q1rk1/1b2n1b1/p2p1p1p/Pp1Pp1p1/4P3/4BN2/NP2BPPP/R2Q1RK1 w - - 0 17,rn1q1rk1/1b2n1b1/p2p1p1p/Pp1Pp1p1/1P2P3/4BN2/N3BPPP/R2Q1RK1 b - - 0 17,f6f5|e3b6|d8e8|a1c1|b8d7|f3g5|h6g5|e2h5|f8f7,32|46|81|42|81|10|90|11|94,24,Hayden069420,k2f4x,black,180,1-0,2026.01.10 16:43:46
k2f4x,Chess.com,2,1,129,1,9,1,17,34,Rc1,a1c1,f5,f6f5,r2q1rk1/1b1nn1b1/p2p1p1p/Pp1Pp1p1/1P2P3/4BN2/N3BPPP/R2Q1RK1 w - - 1 18,r2q1rk1/1b1nn1b1/p2p1p1p/Pp1Pp1p1/1P2P3/4BN2/N3BPPP/2RQ1RK1 b - - 2 18,f6f5|f3d2|f5f4|e3b6|d7b6|a5b6|d8b6|e2g4|g8h8,-16|-10|-9|-10|-15|-18|-31|-17|-28,-15,Hayden069420,k2f4x,black,180,1-0,2026.01.10 16:43:46
k2f4x,Chess.com,2,2,114,1,5,1,3,42,hxg5,h4g5,Rxc1+,c8c1,1qr3k1/1b1nn1b1/p2p1p1p/Pp1Pp1p1/1P2P2P/3QBN2/N3BPP1/2R3K1 w - - 1 22,1qr3k1/1b1nn1b1/p2p1p1p/Pp1Pp1P1/1P2P3/3QBN2/N3BPP1/2R3K1 b - - 0 22,c8c1|e3c1|f6g5|f3h2|g8f8,86|81|108|95|132,97,Hayden069420,k2f4x,black,180,1-0,2026.01.10 16:43:46
k2f4x,Chess.com,2,3,201,2,3,1,3,48,Bxg5,c1g5,fxg5,f6g5,1q6/1b1nnkb1/p2p1p2/Pp1Pp1p1/1P2P3/3Q1N2/N3BPP1/2B3K1 w - - 1 25,1q6/1b1nnkb1/p2p1p2/Pp1Pp1B1/1P2P3/3Q1N2/N3BPP1/6K1 b - - 0 25,f6g5|f3g5|f7g8,28|35|28,41,Hayden069420,k2f4x,black,180,1-0,2026.01.10 16:43:46
k2f4x,Chess.com,4,0,152,1,17,1,25,60,Kg2,g1g2,Rf4,f5f4,8/6k1/1p3pp1/p2p1r2/8/1P5P/PB5P/5BK1 w - - 0 31,8/6k1/1p3pp1/p2p1r2/8/1P5P/PB4KP/5B2 b - - 1 31,f5f4|b2c1|f4d4|c1e3|d4d1|f1e2|d1b1|g2f2|b1b2|a2a4|b6b5|e3d4|b2b3|e2b5|b3h3|f2g2|h3b3,35|43|33|19|23|28|28|26|27|20|21|26|24|34|24|28|23,44,kubaloc1306,k2f4x,black,180,1-0,2026.01.10 18:54:56
k2f4x,Chess.com,4,1,201,2,23,1,13,72,Kg3,f3g3,Rxa2,a1a2,8/6k1/5pp1/1pBp4/pP6/5K1P/P5BP/r7 w - - 1 37,8/6k1/5pp1/1pBp4/pP6/6KP/P5BP/r7 b - - 2 37,a1a2|g2d5|a2d2|d5f3|a4a3|c5e3|d2d3|e3c1|a3a2|c1b2|d3b3|b2a1|b3b1|a1c3|b1b3|c3a1|b3b4|f3d5|b4b1|a1f6|g7f6|d5a2|b1d1,-521|-515|-507|-613|-574|-579|-534|-558|-586|-580|-569|-559|-557|-573|-563|-547|-567|-573|-597|-564|-579|-570|-557,-476,kubaloc1306,k2f4x,black,180,1-0,2026.01.10 18:54:56
k2f4x,Chess.com,4,2,216,2,11,1,7,78,Bc6,d5c6,a3,a4a3,8/6k1/5pp1/1pBB4/pP4K1/3r3P/7P/8 w - - 3 40,8/6k1/2B2pp1/1pB5/pP4K1/3r3P/7P/8 b - - 4 40,a4a3|c6b5|d3c3|c5d4|c3b3|d4a1|b3b4|g4f3|b4b5|f3e3|a3a2,-565|-585|-640|-610|-610|-634|-612|-628|-642|-688|-669,-625,kubaloc1306,k2f4x,black,180,1-0,2026.01.10 18:54:56
k2f4x,Chess.com,4,3,124,1,9,1,9,94,Kg3,f2g3,g5,g6g5,8/6k1/3B1pp1/8/1P6/5B2/2q2K1P/8 w - - 4 48,8/6k1/3B1pp1/8/1P6/5BK1/2q4P/8 b - - 5 48,g6g5|d6c5|f6f5|h2h4|g5g4|f3g4|f5g4|g3f4|c2c4,-434|-434|-488|-504|-562|-579|-575|-585|-588,-447,kubaloc1306,k2f4x,black,180,1-0,2026.01.10 18:54:56
k2f4x,Chess.com,4,4,234,2,19,0,,96,b5,b4b5,g5,g6g5,8/6k1/3B2p1/5p2/1P6/5BK1/2q4P/8 w - - 0 49,8/6k1/3B2p1/1P3p2/8/5BK1/2q4P/8 b - - 0 49,g6g5|d6e5|g7g6|e5b8|c2c8|b8d6|c8c3|h2h3|c3d4|d6b8|d4g1|f3g2|f5f4|b8f4|g5f4|g3f4|g1g2|f4e5|g2g5,-517|-550|-575|-576|-597|-632|-636|-634|-653|-890|-815|-660|-673|-682|-654|-648|-736|-966|-698,-507,kubaloc1306,k2f4x,black,180,1-0,2026.01.10 18:54:56
k2f4x,Chess.com,4,5,128,1,35,0,,104,Bg5,f4g5,Qb6,b3b6,8/5k2/6p1/5p2/5B1P/1q3BK1/8/8 w - - 2 53,8/5k2/6p1/5pB1/7P/1q3BK1/8/8 b - - 3 53,b3b6|f3d5|f7g7|d5g2|b6g1|g3f3|g1d4|f3g3|d4g4|g3f2|f5f4|g2f1|g4g3|f2e2|f4f3|e2d1|g3g1|d1e1|g1g3|e1d1|g3g1|d1e1|g1g3|e1d1|g3f2|f1d3|f2g1|d1c2|f3f2|c2c3|f2f1r|d3f1|g1f1|c3d2|f1f3,-484|-405|-453|-426|-486|-453|-412|-501|-552|-520|-516|-604|-565|-533|-608|-564|-606|-545|-653|-531|-565|-491|-537|-530|-536|-566|-544|-533|-536|-555|-539|-628|-527|-683|-662,-396,kubaloc1306,k2f4x,black,180,1-0,2026.01.10 18:54:56
k2f4x,Chess.com,4,6,200,2,21,0,,106,Kf4,g3f4,Qb8+,b3b8,8/6k1/6p1/5pB1/7P/1q3BK1/8/8 w - - 4 54,8/6k1/6p1/5pB1/5K1P/1q3B2/8/8 b - - 5 54,b3b8|f4e3|b8g3|e3e2|f5f4|f3a8|g3e3|e2f1|e3d3|f1f2|d3e3|f2f1|e3c1|f1g2|c1b2|g2f3|b2a3|f3f4|a3a8|f4e5|a8a4,-520|-478|-535|-553|-597|-614|-609|-541|-597|-589|-700|-608|-633|-575|-593|-560|-606|-568|-604|-636|-604,-493,kubaloc1306,k2f4x,black,180,1-0,2026.01.10 18:54:56
k2f4x,Chess.com,4,7,349,3,9,0,,110,Kf4,g3f4,Qf2,f1f2,8/6k1/6p1/5pB1/7P/5BK1/8/5q2 w - - 8 56,8/6k1/6p1/5pB1/5K1P/5B2/8/5q2 b - - 9 56,f1f2|h4h5|f2d2|f4e5|d2g5|h5g6|g7g6|f3c6|g5e3,-710|-701|-694|-623|-684|-651|-695|-699|-644,-656,kubaloc1306,k2f4x,black,180,1-0,2026.01.10 18:54:56
k2f4x,Chess.com,4,8,121,1,3,0,,118,Bf4,g5f4,Qxh4,e1h4,8/5k2/6p1/5pB1/7P/5K2/4B3/4q3 w - - 16 60,8/5k2/6p1/5p2/5B1P/5K2/4B3/4q3 b - - 17 60,e1h4|f4e3|g6g5,-574|-631|-580,-560,kubaloc1306,k2f4x,black,180,1-0,2026.01.10 18:54:56
k2f4x,Chess.com,5,0,108,1,37,1,33,39,Kc5,d6c5,b4+,b3b4,3rr3/pp3ppp/2pk4/3Pp3/2P1P3/1P1K4/P5PP/4R2R b - - 2 20,3rr3/pp3ppp/2p5/2kPp3/2P1P3/1P1K4/P5PP/4R2R w - - 3 21,b3b4|c5b6|a2a4|b6c7|h1f1|f7f6|g2g4|a7a5|e1b1|h7h5|g4g5|e8f8|g5g6|d8d7|b4b5|d7d8|b5b6|c7c8|d3e2|c8d7|c4c5|d8c8|b1d1|c8d8|f1f3|c6d5|e4d5|f6f5|f3h3|d8c8|d1c1|f8f6|h3h5|f6g6|h5f5|c8h8|f5f7,112|117|123|101|110|117|112|112|110|132|122|117|140|151|151|136|178|187|190|252|242|225|249|187|237|235|256|224|217|231|288|286|311|343|403|425|458,115,k2f4x,thebudknightx,white,180,1-0,2026.01.10 19:04:45
k2f4x,Chess.com,5,1,583,5,5,0,,77,Rb2+,b1b2,Kg3,f2g3,4r3/6Pp/2pPk3/1pP1p3/4P2P/5R2/5K2/1r3R2 b - - 6 39,4r3/6Pp/2pPk3/1pP1p3/4P2P/5R2/1r3K2/5R2 w - - 7 40,f2g3|b2b3|f3b3|e8g8|g3h3,1190|748|806|853|1105,1044,k2f4x,thebudknightx,white,180,1-0,2026.01.10 19:04:45
k2f4x,Chess.com,6,0,233,2,3,1,21,12,b4,b2b4,Bxa1,g7a1,rn1qk1nr/1bpp1pbp/pp2p1p1/8/P3P3/3P1N2/1PP1BPPP/RNBQ1RK1 w kq - 0 7,rn1qk1nr/1bpp1pbp/pp2p1p1/8/PP2P3/3P1N2/2P1BPPP/RNBQ1RK1 b kq - 0 7,g7a1|c2c3|a6a5,-184|-202|-197,-197,ridvaneren,k2f4x,black,180,0-1,2026.01.10 19:08:01
k2f4x,Chess.com,6,1,353,3,3,1,19,14,c4,c2c4,Bxa1,g7a1,rn1qk2r/1bppnpbp/pp2p1p1/8/PP2P3/3P1N2/2P1BPPP/RNBQ1RK1 w kq - 1 8,rn1qk2r/1bppnpbp/pp2p1p1/8/PPP1P3/3P1N2/4BPPP/RNBQ1RK1 b kq - 0 8,g7a1|d3d4|b7e4,-324|-332|-357,-344,ridvaneren,k2f4x,black,180,0-1,2026.01.10 19:08:01
k2f4x,Chess.com,6,2,196,1,5,1,3,28,exd5,e4d5,Bxd4,g7d4,rn1q1rk1/1b2npbp/1p4p1/p2p4/Pp1BP3/3P1N2/R3BPPP/1N1Q1RK1 w - - 0 15,rn1q1rk1/1b2npbp/1p4p1/p2P4/Pp1B4/3P1N2/R3BPPP/1N1Q1RK1 b - - 0 15,g7d4|f3d4|b7d5|d4b3|b8c6,-424|-419|-415|-415|-424,-420,ridvaneren,k2f4x,black,180,0-1,2026.01.10 19:08:01
k2f4x,Chess.com,6,3,250,2,3,1,3,30,Be3,d4e3,Bxa2,d5a2,rn1q1rk1/4npbp/1p4p1/p2b4/Pp1B4/3P1N2/R3BPPP/1N1Q1RK1 w - - 0 16,rn1q1rk1/4npbp/1p4p1/p2b4/Pp6/3PBN2/R3BPPP/1N1Q1RK1 b - - 1 16,d5a2|b1d2|b8c6,-624|-623|-597,-619,ridvaneren,k2f4x,black,180,0-1,2026.01.10 19:08:01
k2f4x,Chess.com,6,4,154,1,7,0,,48,Rc1,f1c1,Bh6,g7h6,2r2rk1/2q2pbp/1p4p1/p7/P2P4/1pN1PB2/3Q2PP/5RK1 w - - 3 25,2r2rk1/2q2pbp/1p4p1/p7/P2P4/1pN1PB2/3Q2PP/2R3K1 b - - 4 25,g7h6|g1h1|f8e8|c1f1|c7c3|d2d1|c8d8,-644|-726|-725|-803|-772|-742|-719,-638,ridvaneren,k2f4x,black,180,0-1,2026.01.10 19:08:01
k2f4x,Chess.com,6,5,229,2,11,0,,50,Qb2,d2b2,Bh6,g7h6,2rr2k1/2q2pbp/1p4p1/p7/P2P4/1pN1PB2/3Q2PP/2R3K1 w - - 5 26,2rr2k1/2q2pbp/1p4p1/p7/P2P4/1pN1PB2/1Q4PP/2R3K1 b - - 6 26,g7h6|g1f2|d8e8|f3e4|e8e4|c3e4|h6e3|f2e2|e3c1|b2b3|c8e8,-673|-678|-755|-661|-757|-773|-813|-865|-847|-872|-872,-586,ridvaneren,k2f4x,black,180,0-1,2026.01.10 19:08:01
k2f4x,Chess.com,6,6,234,2,7,0,,54,Nd5,c3d5,Rxc1+,c8c1,2rr2k1/5pbp/1p4p1/p7/Pq1P4/1pN1P3/1Q2B1PP/2R3K1 w - - 9 28,2rr2k1/5pbp/1p4p1/p2N4/Pq1P4/1p2P3/1Q2B1PP/2R3K1 b - - 10 28,c8c1|b2c1|b3b2|c1b1|d8d5|h2h4|g7d4,-798|-779|-806|-824|-780|-834|-883,-827,ridvaneren,k2f4x,black,180,0-1,2026.01.10 19:08:01
k2f4x,Chess.com,7,0,167,1,3,1,3,29,exf4,e5f4,Nxf4,e2f4,2kr3r/pb1n1p1p/1pp2p2/4p3/3P1P2/2P3P1/PP2N1BP/2KR3R b - - 0 15,2kr3r/pb1n1p1p/1pp2p2/8/3P1p2/2P3P1/PP2N1BP/2KR3R w - - 0 16,e2f4|d8g8|d1e1,189|197|200,202,k2f4x,Dhawal2410,white,180,1-0,2026.01.11 02:38:56
k2f4x,Chess.com,7,1,211,2,17,0,,105,Ka8,b8a8,Kc7,b6c7,1k6/8/1K6/8/2P5/8/8/8 b - - 4 53,k7/8/1K6/8/2P5/8/8/8 w - - 5 54,b6c7|a8a7|c4c5|a7a6|c7d6|a6a5|c5c6|a5b5|c6c7|b5c4|d6e5|c4c3|e5e4|c3c4|c7c8q|c4b5|e4d3,557|529|519|526|526|529|10000|781|527|515|10000|10000|10000|10000|10000|10000|10000,528,k2f4x,Dhawal2410,white,180,1-0,2026.01.11 02:38:56
k2f4x,Chess.com,7,2,314,3,19,0,,107,Ka7,a8a7,c5,c4c5,k7/2K5/8/8/2P5/8/8/8 b - - 6 54,8/k1K5/8/8/2P5/8/8/8 w - - 7 55,c4c5|a7a6|c5c6|a6b5|c7d6|b5b4|d6d5|b4c3|d5c5|c3d3|c5d5|d3e3|d5c5|e3e4|c6c7|e4e5|c7c8q|e5f4|c5d4,585|729|526|717|518|10000|536|541|10000|526|511|10000|530|533|515|10000|10000|10000|10000,530,k2f4x,Dhawal2410,white,180,1-0,2026.01.11 02:38:56
k2f4x,Chess.com,8,0,191,1,25,0,,13,f6,f7f6,Qxd8+,d1d8,rnbqk2r/ppp1npbp/4p1p1/4P3/2P2P2/2N5/PP4PP/R1BQKBNR b KQkq - 0 7,rnbqk2r/ppp1n1bp/4ppp1/4P3/2P2P2/2N5/PP4PP/R1BQKBNR w KQkq - 0 8,d1d8|e8d8|e5f6|g7f6|c1d2|b7b6|e1c1|b8d7|c3e4|e7f5|e4f6|d7f6|d2b4|f5d6|g1h3|c8b7|h3g5|f6e4|g5e4|b7e4|b4d6|c7d6|d1d6|d8e7|d6d4,102|92|93|107|118|109|99|115|135|121|108|131|118|118|123|112|122|124|109|122|117|104|106|141|122,124,k2f4x,justjoshehh,white,180,0-1,2026.01.11 18:58:59
k2f4x,Chess.com,9,0,164,1,3,1,3,4,Be2,f1e2,Bxe4,b7e4,rn1qkbnr/pbpppppp/1p6/8/3PP3/8/PPP2PPP/RNBQKBNR w KQkq - 1 3,rn1qkbnr/pbpppppp/1p6/8/3PP3/8/PPP1BPPP/RNBQK1NR b KQkq - 2 3,b7e4|g1f3|e7e6,-57|-57|-63,-64,Isatis300,k2f4x,black,180,1-0,2026.01.11 20:02:21
k2f4x,Chess.com,9,1,108,1,3,1,3,8,Bxc6,f3c6,Nxc6,b8c6,rn1qkbnr/p1pppppp/1pb5/8/3P4/5B2/PPP2PPP/RNBQK1NR w KQkq - 2 5,rn1qkbnr/p1pppppp/1pB5/8/3P4/8/PPP2PPP/RNBQK1NR b KQkq - 0 5,b8c6|d4d5|c6a5,-85|-92|-100,-94,Isatis300,k2f4x,black,180,1-0,2026.01.11 20:02:21
k2f4x,Chess.com,9,2,110,1,11,1,7,18,O-O,e1g1,g5,g6g5,r2qk1nr/p1ppp1b1/1pn3pp/5p2/3P3B/2P2N2/PP3PPP/RN1QK2R w KQkq - 0 10,r2qk1nr/p1ppp1b1/1pn3pp/5p2/3P3B/2P2N2/PP3PPP/RN1Q1RK1 b kq - 1 10,g6g5|f1e1|g8f6|d4d5|c6a5|f3d4|e8g8|d4f5|g5h4|b2b4|a5c4,-198|-204|-227|-241|-187|-227|-219|-235|-222|-235|-250,-222,Isatis300,k2f4x,black,180,1-0,2026.01.11 20:02:21
k2f4x,Chess.com,9,3,134,1,9,1,5,20,Ne5,f3e5,Nxe5,c6e5,r2qk1nr/p1ppp1b1/1pn4p/5pp1/3P3B/2P2N2/PP3PPP/RN1Q1RK1 w kq - 0 11,r2qk1nr/p1ppp1b1/1pn4p/4Npp1/3P3B/2P5/PP3PPP/RN1Q1RK1 b kq - 1 11,c6e5|d4e5|e7e6|h4g3|f5f4|h2h3|g7e5|b1d2|e5g7,-309|-297|-307|-288|-300|-294|-289|-296|-302,-298,Isatis300,k2f4x,black,180,1-0,2026.01.11 20:02:21
key_kay,Chess.com,10,0,125,1,15,1,9,24,f4,f2f4,Bxc3,b4c3,2r1k2r/pp3ppp/1qn1pnb1/3pN3/1b1P2P1/2N1P2P/PP3PB1/R1BQ1RK1 w k - 3 13,2r1k2r/pp3ppp/1qn1pnb1/3pN3/1b1P1PP1/2N1P2P/PP4B1/R1BQ1RK1 b k - 0 13,b4c3|b2c3|g6e4|e5f3|e8g8|a2a4|f8e8|c1a3|c6a5|a3b4|a5c6|g4g5|c6b4|a4a5|b6b5,-110|-104|-101|-94|-95|-102|-99|-98|-91|-81|-84|-85|-89|-90|-102,-100,glindios,key_kay,black,180,0-1,2026.01.08 04:49:09
key_kay,Chess.com,10,1,401,4,9,1,7,46,Qxe4,f4e4,Rxe3,e2e3,5rk1/pp3pp1/1q4p1/4P3/4pQ2/4P2P/P3r3/R3BRK1 w - - 0 24,5rk1/pp3pp1/1q4p1/4P3/4Q3/4P2P/P3r3/R3BRK1 b - - 0 24,e2e3|e4b4|e3e1|b4b6|e1f1|g1f1|a7b6|a1b1|f8e8,-185|-179|-190|-177|-197|-188|-173|-180|-192,-175,glindios,key_kay,black,180,0-1,2026.01.08 04:49:09
key_kay,Chess.com,10,2,142,1,5,1,5,48,Bf2,e1f2,Rxe4,e3e4,5rk1/pp3pp1/1q4p1/4P3/4Q3/4r2P/P7/R3BRK1 w - - 0 25,5rk1/pp3pp1/1q4p1/4P3/4Q3/4r2P/P4B2/R4RK1 b - - 1 25,e3e4|f2b6|a7b6|a1e1|e4e1,-347|-316|-343|-391|-405,-331,glindios,key_kay,black,180,0-1,2026.01.08 04:49:09
key_kay,Chess.com,10,3,142,1,7,1,5,64,a4,a2a4,Kg7,g8g7,4r1k1/1p6/1p2P1p1/4Rpp1/8/5K1P/P7/8 w - - 0 33,4r1k1/1p6/1p2P1p1/4Rpp1/P7/5K1P/8/8 b - - 0 33,g8g7|f3g3|g7f6|e5d5|e8e6|g3f2|f6g7,-504|-454|-441|-451|-479|-494|-509,-484,glindios,key_kay,black,180,0-1,2026.01.08 04:49:09
key_kay,Chess.com,11,0,123,1,7,1,25,21,Be6,c8e6,Bxe6,b3e6,r1bq1r2/ppp2ppk/1n1b1n1p/4p3/4P3/1BNP1NQ1/PPP3PP/R1B2RK1 b - - 7 11,r2q1r2/ppp2ppk/1n1bbn1p/4p3/4P3/1BNP1NQ1/PPP3PP/R1B2RK1 w - - 8 12,b3e6|f7e6|g3h3|h7g8|h3e6|f8f7|c1e3,213|216|214|215|224|218|223,182,key_kay,RomantiChesss,white,180,1-0,2026.01.08 04:54:03
key_kay,Chess.com,11,1,103,1,9,1,9,37,Qc8,d8c8,Qxc8,h3c8,r2q1r2/ppp2ppk/7p/8/2P1Pp2/2NPb2Q/1PP3PP/R4R1K b - - 0 19,r1q2r2/ppp2ppk/7p/8/2P1Pp2/2NPb2Q/1PP3PP/R4R1K w - - 1 20,h3c8|a8c8|c3d5|f7f5|d5e7|c8d8|e7f5|e3b6|g2g3,148|162|171|170|135|179|171|165|184,178,key_kay,RomantiChesss,white,180,1-0,2026.01.08 04:54:03
key_kay,Chess.com,11,2,186,1,13,1,7,55,Kh5,g6h5,cxb5,c4b5,r1r5/8/2p2Rkp/pp4p1/2P1P3/3P4/1PP2RPP/7K b - - 1 28,r1r5/8/2p2R1p/pp4pk/2P1P3/3P4/1PP2RPP/7K w - - 2 29,c4b5|c6b5|h2h3|c8h8|h1h2|a5a4|f6b6|a8c8|e4e5|c8g8|b6b5|g8b8|b5b8,468|482|473|479|455|488|494|503|528|523|524|553|529,459,key_kay,RomantiChesss,white,180,1-0,2026.01.08 04:54:03
key_kay,Chess.com,11,3,156,1,5,0,,79,Rf5,d5f5,g4+,g2g4,8/4r3/2R1P2p/3r2pk/3PR3/2P4P/6P1/7K b - - 2 40,8/4r3/2R1P2p/5rpk/3PR3/2P4P/6P1/7K w - - 3 41,g2g4|h5g6|g4f5|g6f5|e4e2,716|698|676|711|707,699,key_kay,RomantiChesss,white,180,1-0,2026.01.08 04:54:03
key_kay,Chess.com,11,4,110,1,15,0,,83,Rd1,f1d1,d5,d4d5,8/4r3/2R1P2p/6pk/2PPR3/7P/6PK/5r2 b - - 2 42,8/4r3/2R1P2p/6pk/2PPR3/7P/6PK/3r4 w - - 3 43,d4d5|h5g6|d5d6|e7e8|d6d7|e8e7|e4e5|g6f6|e5d5|d1d5|c4d5|e7d7|e6d7|f6e5|d7d8q,731|721|714|1048|1148|859|844|1426|1547|1132|1141|1680|1422|10000|10000,704,key_kay,RomantiChesss,white,180,1-0,2026.01.08 04:54:03
key_kay,Chess.com,11,5,257,2,17,0,,87,Re8,e7e8,d7,d6d7,8/4r3/2RPP1kp/6p1/2P1R3/7P/6PK/3r4 b - - 0 44,4r3/8/2RPP1kp/6p1/2P1R3/7P/6PK/3r4 w - - 1 45,d6d7|e8e7|c4c5|g6f5|c6d6|d1d6|c5d6|e7g7|e6e7|g5g4|e4g4|g7g4|h3g4|f5e4|e7e8q|e4d4|d7d8q,1133|992|1077|1230|1139|1127|1238|1454|10000|10000|10000|10000|10000|10000|10000|10000|10000,1036,key_kay,RomantiChesss,white,180,1-0,2026.01.08 04:54:03
key_kay,Chess.com,13,0,146,1,3,1,3,24,Nxg6,e5g6,hxg6,h7g6,2r1k2r/pp3ppp/1qn1pnb1/3pN3/3P1B2/bPP4P/P2NBPP1/R2Q1RK1 w k - 3 13,2r1k2r/pp3ppp/1qn1pnN1/3p4/3P1B2/bPP4P/P2NBPP1/R2Q1RK1 b k - 0 13,h7g6|a1b1|a3e7,27|28|35,30,jerkielleee,key_kay,black,180,0-1,2026.01.08 05:14:20
key_kay,Chess.com,13,1,156,1,5,1,5,26,Nf3,d2f3,Bb2,a3b2,2r1k2r/pp3pp1/1qn1pnp1/3p4/3P1B2/bPP4P/P2NBPP1/R2Q1RK1 w k - 0 14,2r1k2r/pp3pp1/1qn1pnp1/3p4/3P1B2/bPP2N1P/P3BPP1/R2Q1RK1 b k - 1 14,a3b2|c3c4|c6d4|a1b1|b2c3,-109|-128|-122|-128|-132,-120,jerkielleee,key_kay,black,180,0-1,2026.01.08 05:14:20
key_kay,Chess.com,13,2,190,1,5,1,5,30,a3,a2a3,Nxd4,c6d4,2r1k2r/pp3pp1/1qn1pnp1/3p4/3P1B2/1Pb2N1P/P3BPP1/1R1Q1RK1 w k - 0 16,2r1k2r/pp3pp1/1qn1pnp1/3p4/3P1B2/PPb2N1P/4BPP1/1R1Q1RK1 b k - 0 16,c6d4|f3d4|c3d4|e2b5|e8e7,-336|-335|-332|-324|-327,-330,jerkielleee,key_kay,black,180,0-1,2026.01.08 05:14:20
key_kay,Chess.com,13,3,258,2,3,1,3,34,Bb5,e2b5,Qxf4,d4f4,2r1k2r/pp3pp1/2n1pnp1/3p4/3q1B2/PP5P/4BPP1/1R1Q1RK1 w k - 0 18,2r1k2r/pp3pp1/2n1pnp1/1B1p4/3q1B2/PP5P/5PP1/1R1Q1RK1 b k - 1 18,d4f4|b3b4|e8g8,-553|-540|-556,-530,jerkielleee,key_kay,black,180,0-1,2026.01.08 05:14:20
key_kay,Chess.com,14,0,514,5,15,0,,42,g4,g3g4,Nf4,g6f4,1b4rk/pp1b1prp/1q2p1n1/3p1p1Q/3P3N/2PBN1PP/PP3P2/1R2R2K w - - 0 22,1b4rk/pp1b1prp/1q2p1n1/3p1p1Q/3P2PN/2PBN2P/PP3P2/1R2R2K b - - 0 22,g6f4|h5h6|f4d3|e1e2|b6d8|g4f5|b8f4|h6h5|g7g5|h5f7|g5g7|f7g7|g8g7|e3g2|f4g5,-581|-593|-593|-633|-566|-584|-578|-568|-582|-608|-592|-608|-614|-608|-586,-578,bedstuyking,key_kay,black,180,0-1,2026.01.08 05:17:14
key_kay,Chess.com,15,0,169,1,3,1,3,31,Bxc3,b4c3,bxc3,b2c3,2kr3r/1pp1n1pp/p4p2/4p1P1/Bb1nP3/2NP4/PPPB2P1/2KR3R b - - 0 16,2kr3r/1pp1n1pp/p4p2/4p1P1/B2nP3/2bP4/PPPB2P1/2KR3R w - - 0 17,b2c3|d4e2|c1b2,126|126|143,128,key_kay,Cezar_C,white,180,0-1,2026.01.08 05:20:47
key_kay,Chess.com,15,1,665,6,31,1,39,55,Nxg4,e5g4,Be6+,b3e6,2k2r2/1pp3p1/p6p/4n1p1/4P1P1/1BPP1p2/PP1K4/5R2 b - - 2 28,2k2r2/1pp3p1/p6p/6p1/4P1n1/1BPP1p2/PP1K4/5R2 w - - 0 29,b3e6|c8d8|e6g4|f8h8|g4f3|h6h5|f1h1|g7g6|d3d4|h8f8|d2e3|g5g4|f3g2|d8e7|h1f1|f8f1|g2f1|g6g5|e4e5|a6a5|e3e4|h5h4|e4f5|h4h3|f5g4|h3h2|f1g2|c7c6|g4g5|e7e6|g5f4,416|399|413|438|424|417|413|413|430|443|441|434|438|422|448|457|442|447|458|555|572|661|713|699|714|665|626|733|793|730|805,419,key_kay,Cezar_C,white,180,0-1,2026.01.08 05:20:47
key_kay,Chess.com,15,2,214,2,7,1,13,81,h4+,h5h4,Kxg4,g3g4,2B5/2p5/1p3k2/p5pp/P2PP1p1/1PP3K1/8/8 b - - 1 41,2B5/2p5/1p3k2/p5p1/P2PP1pp/1PP3K1/8/8 w - - 0 42,g3g4|f6e7|e4e5|c7c6|g4g5|b6b5|g5h4,760|811|898|869|922|894|941,787,key_kay,Cezar_C,white,180,0-1,2026.01.08 05:20:47
key_kay,Chess.com,17,0,458,4,7,1,25,37,Ng7,e8g7,Qh6,d2h6,2rqnrk1/5p1p/p2bb1p1/1p1p4/3B4/2P2NNP/PP1Q1PP1/4RRK1 b - - 3 19,2rq1rk1/5pnp/p2bb1p1/1p1p4/3B4/2P2NNP/PP1Q1PP1/4RRK1 w - - 4 20,d2h6|g7e8|f3g5|d8g5|h6g5|f7f6|g5d2,573|568|564|581|573|570|568,573,key_kay,joeyfabellar,white,180,1/2-1/2,2026.01.08 05:30:36
key_kay,Chess.com,17,1,835,8,17,1,35,41,Bxg3,d6g3,Ng5,f3g5,2rq1rk1/6np/p2bbppQ/1p1p4/3B4/2P2NNP/PP2RPP1/5RK1 b - - 1 21,2rq1rk1/6np/p3bppQ/1p1p4/3B4/2P2NbP/PP2RPP1/5RK1 w - - 0 22,f3g5|g3h2|g1h1|f8e8|h6h7|g8f8|e2e6|e8e6|h7h8|f8e7|h8g7|e7d6|g5f7|d6d7|f7d8|e6e7|g7g6,866|869|876|844|869|859|868|850|865|857|842|798|808|809|828|808|819,883,key_kay,joeyfabellar,white,180,1/2-1/2,2026.01.08 05:30:36
key_kay,Chess.com,17,2,180,1,3,1,3,45,Nxd4,f5d4,Nxd4,f3d4,2rq1rk1/7p/p3bpp1/1p1p1n2/3B1Q2/2P2NPP/PP2R1P1/5RK1 b - - 2 23,2rq1rk1/7p/p3bpp1/1p1p4/3n1Q2/2P2NPP/PP2R1P1/5RK1 w - - 0 24,f3d4|e6f7|f4f6,278|241|289,269,key_kay,joeyfabellar,white,180,1/2-1/2,2026.01.08 05:30:36
key_kay,Chess.com,17,3,214,2,25,1,7,53,Qc7,d8c7,Re7,e2e7,2rq4/3b1rkp/p4pp1/1p1Q4/3N4/2P3PP/PP2R1P1/4R1K1 b - - 0 27,2r5/2qb1rkp/p4pp1/1p1Q4/3N4/2P3PP/PP2R1P1/4R1K1 w - - 1 28,e2e7|c8f8|g1h2|c7c8|b2b3|h7h5|h3h4|d7g4|c3c4|b5c4|b3c4|c8b8|c4c5|a6a5|c5c6|b8b4|e7f7|f8f7|e1e8|b4a3|d4b5|f7f8|b5a3|f8e8|d5a5,451|424|451|453|451|482|512|467|480|497|488|517|532|557|625|628|546|577|521|637|668|621|626|615|611,459,key_kay,joeyfabellar,white,180,1/2-1/2,2026.01.08 05:30:36
key_kay,Chess.com,17,4,179,1,7,1,17,77,Kg3,g4g3,Re6,b6e6,4r3/8/1R3p2/6p1/3N2k1/2P5/PP4P1/6K1 b - - 2 39,4r3/8/1R3p2/6p1/3N4/2P3k1/PP4P1/6K1 w - - 3 40,b6e6|e8d8|e6e4|d8d4|c3d4|g5g4|e4e3,799|770|751|828|773|10000|849,738,key_kay,joeyfabellar,white,180,1/2-1/2,2026.01.08 05:30:36
key_kay,Chess.com,17,5,769,7,7,0,,91,g4,g5g4,Rxe8,e4e8,4r3/8/8/6p1/4Rp2/2P3k1/PP1N2P1/5K2 b - - 1 46,4r3/8/8/8/4Rpp1/2P3k1/PP1N2P1/5K2 w - - 0 47,e4e8|f4f3|g2f3|g3f4|f3g4|f4g3|g4g5,10000|10000|10000|10000|10000|10000|10000,1149,key_kay,joeyfabellar,white,180,1/2-1/2,2026.01.08 05:30:36
key_kay,Chess.com,17,6,154,1,11,0,,103,Kxf4,g3f4,a5,a4a5,8/8/8/8/P4R2/2P2Pk1/1P6/5K2 b - - 0 52,8/8/8/8/P4k2/2P2P2/1P6/5K2 w - - 0 53,a4a5|f4g3|f1e2|g3f4|a5a6|f4e5|a6a7|e5d5|a7a8q|d5e5|a8c6,923|1224|1275|1302|10000|1252|10000|1373|10000|10000|10000,849,key_kay,joeyfabellar,white,180,1/2-1/2,2026.01.08 05:30:36
key_kay,Chess.com,17,7,400,4,7,0,,107,Ke4,f3e4,Ke2,f1e2,8/8/P7/8/8/2P2k2/1P6/5K2 b - - 0 54,8/8/P7/8/4k3/2P5/1P6/5K2 w - - 1 55,f1e2|e4d5|a6a7|d5d6|a7a8q|d6c5|e2d3,1211|10000|10000|1161|10000|10000|10000,10000,key_kay,joeyfabellar,white,180,1/2-1/2,2026.01.08 05:30:36
key_kay,Chess.com,18,0,225,2,33,1,25,23,Qf6,d8f6,Bg5,e3g5,r2q1rk1/2pb1ppp/p1nbp1n1/1p6/4P3/1B1PBN2/PPP1N1PP/R2Q1RK1 b - - 5 12,r4rk1/2pb1ppp/p1nbpqn1/1p6/4P3/1B1PBN2/PPP1N1PP/R2Q1RK1 w - - 6 13,e3g5|f6b2|a2a3|h7h6|a1a2|b2a2|b3a2|h6g5|f3g5|d6e7|d1d2|c6e5|d2e3|e5g4|e3g3|e7g5|g3g4|g5e7|g4h5|c7c5|f1f3|e7d6|f3h3|f8c8|h5h7|g8f8|h3f3|g6e5|f3f1|f8e7|h7g7|e7d8|f1f7,211|198|211|204|197|208|194|209|194|218|183|214|225|237|252|241|220|248|224|275|252|233|239|296|294|284|298|265|280|273|291|297|321,200,key_kay,BADABIMBADABOUM,white,180,1-0,2026.01.08 05:37:03
key_kay,Chess.com,18,1,108,1,7,1,15,33,Ng4,e5g4,Bg5,e3g5,3r1rk1/2pbqppp/p1n1p3/1p2n3/3PP3/1BP1BNP1/PP2Q1P1/R4RK1 b - - 0 17,3r1rk1/2pbqppp/p1n1p3/1p6/3PP1n1/1BP1BNP1/PP2Q1P1/R4RK1 w - - 1 18,e3g5|f7f6|g5f4|g8h8|f4c7|d8c8|c7b6,202|193|200|204|202|204|210,206,key_kay,BADABIMBADABOUM,white,180,1-0,2026.01.08 05:37:03
key_kay,Chess.com,18,2,143,1,5,1,5,51,Rd7,d8d7,Nxf5,h4f5,3r1rk1/4q1pp/p1b1p3/1p2Pp2/3P3N/1B4P1/PP1Q2P1/R4RK1 b - - 2 26,5rk1/3rq1pp/p1b1p3/1p2Pp2/3P3N/1B4P1/PP1Q2P1/R4RK1 w - - 3 27,h4f5|f8f5|f1f5|c6d5|b3d5,573|589|590|593|599,568,key_kay,BADABIMBADABOUM,white,180,1-0,2026.01.08 05:37:03
key_kay,Chess.com,18,3,380,3,5,0,,53,Rfd8,f8d8,Nxf5,h4f5,5rk1/3rq1pp/p1b1p3/1p2Pp2/3P3N/1B4P1/PP1Q2P1/2R2RK1 b - - 4 27,3r2k1/3rq1pp/p1b1p3/1p2Pp2/3P3N/1B4P1/PP1Q2P1/2R2RK1 w - - 5 28,h4f5|c6b7|f5e7|d7e7|d2g5,819|867|836|909|864,798,key_kay,BADABIMBADABOUM,white,180,1-0,2026.01.08 05:37:03
key_kay,Chess.com,19,0,459,4,39,1,11,38,Bxf6+,g5f6,Bxf6,e7f6,r2q2rk/1p2bp2/2p1pnp1/p5B1/2B1PP2/3P3P/PPP2Q2/2KR2R1 w - - 0 20,r2q2rk/1p2bp2/2p1pBp1/p7/2B1PP2/3P3P/PPP2Q2/2KR2R1 b - - 0 20,e7f6|d3d4|b7b5|c4e2|g8g7|a2a3|g7h7|e2f3|d8b6|c1b1|a8b8|d1d3|h7h6|g1g4|b6c7|e4e5|f6e7|f2g2|b5b4|a3a4|c6c5|d4d5|c5c4|d5d6|c7c5|d3d1|e7d8|h3h4|c5e3|g2e2|e3e2|f3e2|b8c8|d1h1|c4c3|g4g3|c3b2|h4h5|d8b6,186|172|192|183|184|186|202|189|193|200|186|200|198|218|224|204|206|233|242|248|246|271|267|266|265|252|247|279|275|247|250|233|254|250|249|236|262|239|261,190,Trump012025,key_kay,black,180,0-1,2026.01.10 22:13:52
key_kay,Chess.com,19,1,443,4,15,1,9,40,h4,h3h4,Bd4,f6d4,r2q2rk/1p3p2/2p1pbp1/p7/2B1PP2/3P3P/PPP2Q2/2KR2R1 w - - 0 21,r2q2rk/1p3p2/2p1pbp1/p7/2B1PP1P/3P4/PPP2Q2/2KR2R1 b - - 0 21,f6d4|f2d2|d8b6|d2h2|b6b2|c1d2|b7b5|c4e6|b2c3|d2e2|d4g1|h2g1|f7e6|g1g5|g8g7,-235|-319|-348|-349|-377|-350|-395|-359|-387|-405|-397|-395|-408|-405|-415,-256,Trump012025,key_kay,black,180,0-1,2026.01.10 22:13:52
key_kay,Chess.com,19,2,137,1,7,1,7,42,f5,f4f5,Qd4,d8d4,r2q2r1/1p3pk1/2p1pbp1/p7/2B1PP1P/3P4/PPP2Q2/2KR2R1 w - - 1 22,r2q2r1/1p3pk1/2p1pbp1/p4P2/2B1P2P/3P4/PPP2Q2/2KR2R1 b - - 0 22,d8d4|f2d4|f6d4|f5e6|d4g1|d1g1|f7e6,0|12|7|0|5|3|0,-3,Trump012025,key_kay,black,180,0-1,2026.01.10 22:13:52
key_kay,Chess.com,19,3,681,6,3,1,3,46,c3,c2c3,Qxf2,d4f2,r5r1/1p3pk1/2p2bp1/p4P2/2Bq3P/3P4/PPP2Q2/2KR2R1 w - - 1 24,r5r1/1p3pk1/2p2bp1/p4P2/2Bq3P/2PP4/PP3Q2/2KR2R1 b - - 0 24,d4f2|f5g6|f7g6,-518|-512|-515,-512,Trump012025,key_kay,black,180,0-1,2026.01.10 22:13:52
key_kay,Chess.com,19,4,168,1,9,0,,72,Ka2,a1a2,Rg2,g7g2,8/1p3kr1/2pq1b2/p7/8/P1P5/1P6/K4R1R w - - 3 37,8/1p3kr1/2pq1b2/p7/8/P1P5/KP6/5R1R b - - 4 37,g7g2|h1g1|d6e6|a2a1|e6e2|f1f6|f7f6|g1b1|g2f2,-603|-768|-861|-827|-770|-1061|-10000|-10000|-10000,-636,Trump012025,key_kay,black,180,0-1,2026.01.10 22:13:52
key_kay,Chess.com,19,5,327,3,23,0,,74,Kb1,a2b1,Qd3+,d6d3,8/5kr1/2pq1b2/pp6/8/P1P5/KP6/5R1R w - - 0 38,8/5kr1/2pq1b2/pp6/8/P1P5/1P6/1K3R1R b - - 1 38,d6d3|b1a1|d3e2|f1e1|e2g2|a1b1|b5b4|h1f1|b4c3|b2c3|g2g6|b1c1|g6g3|f1g1|g3c3|c1d1|g7g1|e1g1|c3a1|d1e2|a1g1|e2f3|g1f1,-801|-656|-647|-661|-619|-687|-721|-1237|-1118|-1184|-1203|-1137|-10000|-10000|-1265|-10000|-10000|-10000|-10000|-10000|-10000|-10000|-10000,-911,Trump012025,key_kay,black,180,0-1,2026.01.10 22:13:52
key_kay,Chess.com,19,6,446,4,13,0,,76,axb4,a3b4,Qd3+,d6d3,8/5kr1/2pq1b2/p7/1p6/P1P5/1P6/1K3R1R w - - 0 39,8/5kr1/2pq1b2/p7/1P6/2P5/1P6/1K3R1R b - - 0 39,d6d3|b1a2|a5b4|f1e1|b4c3|e1d1|d3c2|d1d7|f7e6|h1e1|e6d7|e1d1|c2d1,-976|-811|-890|-10000|-10000|-10000|-10000|-10000|-10000|-10000|-10000|-10000|-10000,-913,Trump012025,key_kay,black,180,0-1,2026.01.10 22:13:52
key_kay,Chess.com,19,7,370,3,11,0,,78,cxb4,c3b4,Qd3+,d6d3,8/5kr1/2pq1b2/8/1p6/2P5/1P6/1K3R1R w - - 0 40,8/5kr1/2pq1b2/8/1P6/8/1P6/1K3R1R b - - 0 40,d6d3|b1c1|d3e2|f1f5|e2b2|c1d1|b2b1|d1e2|b1f5|e2e3|g7g3,-10000|-10000|-10000|-10000|-10000|-10000|-10000|-10000|-10000|-10000|-10000,-803,Trump012025,key_kay,black,180,0-1,2026.01.10 22:13:52
jtkms,Chess.com,21,0,174,1,5,1,7,9,Qc6,f6c6,Bb5,f1b5,rnb1k1nr/pppp1ppp/5q2/2bN4/3pP3/5N2/PPP2PPP/R1BQKB1R b KQkq - 1 5,rnb1k1nr/pppp1ppp/2q5/2bN4/3pP3/5N2/PPP2PPP/R1BQKB1R w KQkq - 2 6,f1b5|c6g6|d5c7|e8d8|c7a8,411|413|387|409|405,409,jtkms,kevkev44,white,300,1-0,2026.01.04 20:56:58
jtkms,Chess.com,21,1,243,2,5,1,5,11,Qxb5,c6b5,Nxc7+,d5c7,rnb1k1nr/pppp1ppp/2q5/1BbN4/3pP3/5N2/PPP2PPP/R1BQK2R b KQkq - 3 6,rnb1k1nr/pppp1ppp/8/1qbN4/3pP3/5N2/PPP2PPP/R1BQK2R w KQkq - 0 7,d5c7|e8f8|c7b5|b8c6|f3d4,653|663|653|659|653,667,jtkms,kevkev44,white,300,1-0,2026.01.04 20:56:58
jtkms,Chess.com,21,2,124,1,3,1,3,27,Nb4,c6b4,Qxe4,e2e4,1Bb2k1r/p2p2pp/1pn1p3/2b5/3pn3/5N2/PPP1QPPP/R4RK1 b - - 1 14,1Bb2k1r/p2p2pp/1p2p3/2b5/1n1pn3/5N2/PPP1QPPP/R4RK1 w - - 2 15,e2e4|f8e8|a2a3,745|759|757,743,jtkms,kevkev44,white,300,1-0,2026.01.04 20:56:58
jtkms,Chess.com,21,3,268,2,3,1,3,39,Ne3,c2e3,fxe3,f2e3,2b1k2r/p2p2pp/1p2p3/2b5/3p3Q/P4NB1/1Pn2PPP/2R2RK1 b - - 1 20,2b1k2r/p2p2pp/1p2p3/2b5/3p3Q/P3nNB1/1P3PPP/2R2RK1 w - - 2 21,f2e3|h7h6|h4h5,1013|1056|1035,994,jtkms,kevkev44,white,300,1-0,2026.01.04 20:56:58
jtkms,Chess.com,21,4,128,1,5,1,13,41,dxe3,d4e3,Qh5+,h4h5,2b1k2r/p2p2pp/1p2p3/2b5/3p3Q/P3PNB1/1P4PP/2R2RK1 b - - 0 21,2b1k2r/p2p2pp/1p2p3/2b5/7Q/P3pNB1/1P4PP/2R2RK1 w - - 0 22,h4h5|e8d8|c1c5|h8f8|g3h4,10000|1213|10000|10000|10000,10000,jtkms,kevkev44,white,300,1-0,2026.01.04 20:56:58
jtkms,Chess.com,22,0,112,1,3,1,23,19,Nxd4,c6d4,Bxd5,f3d5,r3kbnr/1p3ppp/1qn1p3/p2p4/3P4/P1N2B1P/1PP2PP1/R1BQ1RK1 b kq - 0 10,r3kbnr/1p3ppp/1q2p3/p2p4/3n4/P1N2B1P/1PP2PP1/R1BQ1RK1 w kq - 0 11,f3d5|g8e7|c1e3,132|146|138,126,jtkms,l0lito69,white,300,0-1,2026.01.05 03:55:41
jtkms,Chess.com,22,1,361,3,23,0,,27,Qd6,c5d6,Nb5,c3b5,r3kbnr/1p3ppp/4p3/p1qp4/8/P1N1Q2P/1PP2PP1/R1B2RK1 b kq - 4 14,r3kbnr/1p3ppp/3qp3/p2p4/8/P1N1Q2P/1PP2PP1/R1B2RK1 w kq - 5 15,c3b5|d6c6|a3a4|a8d8|c1d2|b7b6|b5d4|c6c4|f1e1|f8e7|d2c3|g8f6|d4f5|f6e4|f5g7|e8d7|e3b6|e4c3|b2c3|e7d6|b6a5|d8a8|a5b5,0|0|0|-8|0|0|0|53|65|64|69|67|62|62|71|47|73|33|40|48|26|41|31,-18,jtkms,l0lito69,white,300,0-1,2026.01.05 03:55:41
jtkms,Chess.com,22,2,255,2,17,0,,29,Qe7,d6e7,Qc3,e3c3,r3kbnr/1p3ppp/3qp3/pN1p4/8/P3Q2P/1PP2PP1/R1B2RK1 b kq - 6 15,r3kbnr/1p2qppp/4p3/pN1p4/8/P3Q2P/1PP2PP1/R1B2RK1 w kq - 7 16,e3c3|a8d8|c1e3|d8d7|e3b6|f7f6|f1e1|e8f7|a1d1|e7e8|b5c7|e8c8|c3a5|f8d6|c7e6|g8e7|a5b5,258|237|240|278|244|259|252|277|234|277|252|257|269|264|269|275|281,262,jtkms,l0lito69,white,300,0-1,2026.01.05 03:55:41
jtkms,Chess.com,22,3,543,5,5,0,,31,Qf6,e7f6,Nc7+,b5c7,r3kbnr/1p2qppp/4p3/pN1p4/8/P3Q2P/1PPB1PP1/R4RK1 b kq - 8 16,r3kbnr/1p3ppp/4pq2/pN1p4/8/P3Q2P/1PPB1PP1/R4RK1 w kq - 9 17,b5c7|e8d7|c7a8|f6d8|a8b6,575|573|566|571|590,564,jtkms,l0lito69,white,300,0-1,2026.01.05 03:55:41
jtkms,Chess.com,22,4,133,1,3,1,3,39,O-O,e8g8,Bxa5,d2a5,1r2k2r/1p3ppp/4pn2/pNbp4/8/P6P/1PPB1PP1/R4RK1 b k - 3 20,1r3rk1/1p3ppp/4pn2/pNbp4/8/P6P/1PPB1PP1/R4RK1 w - - 4 21,d2a5|b8a8|a5b4,-44|-47|-42,-49,jtkms,l0lito69,white,300,0-1,2026.01.05 03:55:41
jtkms,Chess.com,22,5,274,2,3,0,,45,Nd2,e4d2,Bxb8,e5b8,1r3rk1/5ppp/1p2p3/1NbpB3/4n3/P6P/1PP2PP1/R4RK1 b - - 3 23,1r3rk1/5ppp/1p2p3/1NbpB3/8/P6P/1PPn1PP1/R4RK1 w - - 4 24,e5b8|f8b8|f1e1,237|229|220,224,jtkms,l0lito69,white,300,0-1,2026.01.05 03:55:41
jtkms,Chess.com,22,6,178,1,39,0,,55,Ra8,b8a8,Nb5,d4b5,1r4k1/5ppp/1p2p3/3pb3/1P1N4/P6P/2P2PP1/3R1K2 b - - 4 28,r5k1/5ppp/1p2p3/3pb3/1P1N4/P6P/2P2PP1/3R1K2 w - - 5 29,d4b5|g8f8|c2c3|f8e7|d1a1|a8c8|f1e2|c8c4|e2d3|e7d7|a3a4|c4b4|a1e1|b4e4|e1e4|d5e4|d3e4|e5d6|b5d4|d6c5|f2f4|d7d6|g2g4|c5d4|e4d4|f7f6|h3h4|g7g6|d4c4|e6e5|f4e5|d6e5|c4b5|f6f5|g4f5|g6f5|b5b6|f5f4|a4a5,8|3|0|2|1|0|10|11|3|0|1|3|0|0|0|2|0|0|0|0|0|-4|0|0|0|0|0|0|0|0|0|0|0|0|0|0|0|0|0,20,jtkms,l0lito69,white,300,0-1,2026.01.05 03:55:41
jtkms,Chess.com,22,7,140,1,31,0,,57,f6,f7f6,Nxe5,c6e5,r5k1/5ppp/1pN1p3/3pb3/1P6/P6P/2P2PP1/3R1K2 b - - 6 29,r5k1/6pp/1pN1pp2/3pb3/1P6/P6P/2P2PP1/3R1K2 w - - 0 30,c6e5|f6e5|c2c4|d5c4|d1d6|a8a3|d6b6|g8f7|b6c6|c4c3|f1e2|a3a2|e2e3|a2b2|c6c7|f7f6|c7c4|f6e7|g2g3|c3c2|e3d2|c2c1q|d2c1|b2f2|c4c7|e7d6|c7g7|e5e4|g7h7|d6d5|h7d7,-1|-5|0|7|0|5|0|1|-6|0|0|-4|-4|-3|0|-10|-9|-3|2|0|-3|0|0|0|0|0|0|0|0|-4|-2,0,jtkms,l0lito69,white,300,0-1,2026.01.05 03:55:41
jtkms,Chess.com,22,8,106,1,9,0,,73,Ke6,f7e6,Kd2,e3d2,2r5/5k1p/1p6/3pp1p1/1P4P1/P3K2P/2P5/2R5 b - - 1 37,2r5/7p/1p2k3/3pp1p1/1P4P1/P3K2P/2P5/2R5 w - - 2 38,e3d2|b6b5|c1a1|c8a8|h3h4|h7h5|g4h5|g5g4|h5h6,-56|-73|-56|-56|-44|-56|-26|-35|-25,-63,jtkms,l0lito69,white,300,0-1,2026.01.05 03:55:41
jtkms,Chess.com,22,9,102,1,3,0,,105,Qxb7+,b3b7,Kxb7,c7b7,8/1PK4p/4k3/6p1/6P1/1q6/8/8 b - - 0 53,8/1qK4p/4k3/6p1/6P1/8/8/8 w - - 0 54,c7b7|e6e5|b7c6,-833|-1418|-1320,-876,jtkms,l0lito69,white,300,0-1,2026.01.05 03:55:41
jtkms,Chess.com,23,0,408,4,21,1,45,37,c6,c7c6,Nb6+,d5b6,r4r2/1ppk4/p2b1p1p/n2Np3/7N/P1PR4/1P3PPP/5RK1 b - - 0 19,r4r2/1p1k4/p1pb1p1p/n2Np3/7N/P1PR4/1P3PPP/5RK1 w - - 0 20,d5b6|d7e6|b6a8|f8a8|f1d1|d6e7|d3d7|a5c4|d7b7|a6a5|g1f1|h6h5|b2b3|c4b2|b7e7|e6e7|d1d2|b2c4|b3c4|a8b8|h4f5,397|397|400|412|412|420|405|420|409|401|440|450|445|437|453|432|420|417|441|438|424,411,jtkms,nic961,white,3600,1-0,2026.01.05 12:54:34
jtkms,Chess.com,23,1,197,1,7,1,23,59,Rd1,d8d1,Rxd1,f1d1,3r4/1p5R/pkp5/4N3/8/b1P3P1/1n3P1P/5RK1 b - - 0 30,8/1p5R/pkp5/4N3/8/b1P3P1/1n3P1P/3r1RK1 w - - 1 31,f1d1|b2d1|e5c4|b6c5|c4a3|b7b5|h7h5,557|604|599|567|580|569|560,585,jtkms,nic961,white,3600,1-0,2026.01.05 12:54:34
jtkms,Chess.com,23,2,166,1,7,1,5,77,Ka6,a7a6,Rd8,d7d8,7b/kp1R4/2p5/p1P5/2N5/2n3P1/5P1P/6K1 b - - 1 39,7b/1p1R4/k1p5/p1P5/2N5/2n3P1/5P1P/6K1 w - - 2 40,d7d8|h8d4|d8a8|a6b5|c4a5|b7b6|c5b6,469|475|467|471|459|475|476,470,jtkms,nic961,white,3600,1-0,2026.01.05 12:54:34
jtkms,Chess.com,23,3,192,1,3,1,3,79,a4,a5a4,Rxb7,d7b7,7b/1p1R4/k1pN4/p1P5/8/2n3P1/5P1P/6K1 b - - 3 40,7b/1p1R4/k1pN4/2P5/p7/2n3P1/5P1P/6K1 w - - 0 41,d7b7|a4a3|b7b6,472|476|472,444,jtkms,nic961,white,3600,1-0,2026.01.05 12:54:34
jtkms,Chess.com,23,4,173,1,11,1,9,97,Bxc5,d4c5,Rxc5+,c8c5,2R5/8/8/1kP4P/3b4/2n3P1/5P2/6K1 b - - 2 49,2R5/8/8/1kb4P/8/2n3P1/5P2/6K1 w - - 0 50,c8c5|b5c5|h5h6|c3e2|g1g2|c5c4|h6h7|c4d3|h7h8q|e2d4|h8d4,774|732|686|739|762|792|742|809|844|926|817,734,jtkms,nic961,white,3600,1-0,2026.01.05 12:54:34
jtkms,Chess.com,23,5,371,3,7,1,5,117,Nxf4,e6f4,g7,g6g7,8/8/4n1PR/2k5/5P2/8/7K/8 b - - 0 59,8/8/6PR/2k5/5n2/8/7K/8 w - - 0 60,g6g7|f4e2|h6f6|c5d4|g7g8q|d4c5|g8g5,1152|1019|10000|10000|10000|10000|10000,1064,jtkms,nic961,white,3600,1-0,2026.01.05 12:54:34
jtkms,Chess.com,24,0,226,2,31,0,,21,f5,f7f5,Ng5,f3g5,r2q1rk1/pbpnppbp/1p1p2p1/3P4/4P3/2PBBN2/PP3PPP/R2Q1RK1 b - - 0 11,r2q1rk1/pbpnp1bp/1p1p2p1/3P1p2/4P3/2PBBN2/PP3PPP/R2Q1RK1 w - - 0 12,f3g5|f5e4|d3e4|f8f6|d1g4|d7c5|e3c5|b6c5|g4h4|h7h5|a1e1|b7c8|h4g3|a8b8|b2b3|d8f8|e4d3|g7h6|g5e4|f6f5|g3g6|f8g7|g6g7|h6g7|e4g3|f5d5|d3c4|e7e6|c4d5|e6d5|g3h5,217|216|233|217|219|218|208|209|215|204|220|220|200|225|219|222|206|223|223|197|218|220|243|195|223|237|250|248|219|257|238,219,jtkms,Shelbyblue17,white,300,0-1,2026.01.06 03:22:25
jtkms,Chess.com,24,1,134,1,13,0,,23,e5,e7e5,dxe6,d5e6,r2q1rk1/pbpnp1bp/1p1p2p1/3P1p2/3BP3/2PB1N2/PP3PPP/R2Q1RK1 b - - 1 12,r2q1rk1/pbpn2bp/1p1p2p1/3Ppp2/3BP3/2PB1N2/PP3PPP/R2Q1RK1 w - e6 0 13,d5e6|f5e4|d3c4|d6d5|d4g7|g8g7|c4d5|b7d5|d1d5|e4f3|e6d7|d8f6|f1d1,122|117|112|147|141|139|142|138|136|155|135|118|111,111,jtkms,Shelbyblue17,white,300,0-1,2026.01.06 03:22:25
jtkms,Chess.com,24,2,188,1,7,0,,39,Rc8,d8c8,Ng5,f3g5,3r1rk1/pbq3bp/1p1p1np1/3Pp3/QBP1Pp2/3B1N2/P4PPP/1R3RK1 b - - 5 20,2r2rk1/pbq3bp/1p1p1np1/3Pp3/QBP1Pp2/3B1N2/P4PPP/1R3RK1 w - - 6 21,f3g5|f8e8|f2f3|c8d8|a4a7|g7f8|b4a5,209|204|222|238|204|259|234,206,jtkms,Shelbyblue17,white,300,0-1,2026.01.06 03:22:25
jtkms,Chess.com,24,3,141,1,5,0,,47,Qc7,c5c7,Ng5,f3g5,2r2rk1/pb4bp/1p1p2p1/2qPp3/2P1Pp2/1RQB1N2/P4PPP/5RK1 b - - 1 24,2r2rk1/pbq3bp/1p1p2p1/3Pp3/2P1Pp2/1RQB1N2/P4PPP/5RK1 w - - 2 25,f3g5|b7d5|e4d5|e5e4|c3e1,100|103|97|106|112,112,jtkms,Shelbyblue17,white,300,0-1,2026.01.06 03:22:25
jtkms,Chess.com,24,4,146,1,5,0,,49,a5,a7a5,Ng5,f3g5,2r2rk1/pbq3bp/1p1p2p1/3Pp3/2P1Pp2/R1QB1N2/P4PPP/5RK1 b - - 3 25,2r2rk1/1bq3bp/1p1p2p1/p2Pp3/2P1Pp2/R1QB1N2/P4PPP/5RK1 w - - 0 26,f3g5|b7d5|e4d5|e5e4|c3e1,109|111|110|97|109,91,jtkms,Shelbyblue17,white,300,0-1,2026.01.06 03:22:25
jtkms,Chess.com,24,5,267,2,35,0,,53,Ra8,c8a8,Rfb1,f1b1,2r2rk1/1bq4p/1p1p1bp1/p2Pp3/P1P1Pp2/1RQB1N2/5PPP/5RK1 b - - 0 27,r4rk1/1bq4p/1p1p1bp1/p2Pp3/P1P1Pp2/1RQB1N2/5PPP/5RK1 w - - 1 28,f1b1|g6g5|c4c5|c7c5|c3c5|d6c5|b3b6|b7c8|f3d2|g5g4|d3b5|f4f3|d5d6|c8e6|d6d7|g8f7|b5c4|e6c4|d2c4|h7h5|g2f3|a8d8|b1d1|g4f3|g1f1|f7g7|b6b3|f6g5|c4e5|d8b8|b3b8|f8b8|e5f3|g5f6|d1d5,252|270|262|262|273|267|274|269|272|275|275|309|302|308|291|319|309|314|331|364|399|404|380|368|383|384|405|411|417|424|419|418|413|432|438,267,jtkms,Shelbyblue17,white,300,0-1,2026.01.06 03:22:25
jtkms,Chess.com,24,6,122,1,17,0,,57,Rb8,a8b8,c5,c4c5,r1b2rk1/2q4p/1p1p1bp1/p2Pp3/P1P1Pp2/1Q1B1N2/5PPP/1R3RK1 b - - 4 29,1rb2rk1/2q4p/1p1p1bp1/p2Pp3/P1P1Pp2/1Q1B1N2/5PPP/1R3RK1 w - - 5 30,c4c5|g6g5|c5d6|c7d6|f3d2|c8d7|d3b5|d7b5|b3b5|f8c8|d2c4|d6c5|c4b6|c5b5|b1b5|c8c3|b6d7,195|202|202|197|185|195|169|195|181|190|181|208|239|196|224|202|240,200,jtkms,Shelbyblue17,white,300,0-1,2026.01.06 03:22:25
jtkms,Chess.com,24,7,369,3,5,0,,81,Rc8,b8c8,Ba6,d3a6,1r4k1/2P4p/1p1p2p1/p2Pp3/P3Pr2/3BKp2/2Q2PqP/1R6 b - - 0 41,2r3k1/2P4p/1p1p2p1/p2Pp3/P3Pr2/3BKp2/2Q2PqP/1R6 w - - 1 42,d3a6|f4e4|c2e4|g2g5|e3d3,112|117|121|112|110,126,jtkms,Shelbyblue17,white,300,0-1,2026.01.06 03:22:25
jtkms,Chess.com,26,0,105,1,31,1,11,32,Qe2,f3e2,Rc8,a8c8,r2q1rk1/3n1pbp/p2p1np1/1p1Pp3/1P2P3/2N1BQ1P/P1B2PP1/3RR1K1 w - - 1 17,r2q1rk1/3n1pbp/p2p1np1/1p1Pp3/1P2P3/2N1B2P/P1B1QPP1/3RR1K1 b - - 2 17,a8c8|e3d2|f6h5|a2a4|h5f4|e2f3|c8c4|c2b1|c4b4|c3b5|b4b1|d1b1|a6b5|b1b5|d7c5|a4a5|f7f5|e4f5|g6f5|e1b1|c5e4|d2f4|e5f4|f3h5|d8c7|b5b7|c7c5|b7g7|g8g7|b1b7|g7f6,28|36|21|21|23|15|21|-14|0|0|10|0|0|1|0|0|6|0|0|0|0|0|0|0|0|0|0|0|0|7|0,38,HarryWeller,jtkms,black,3600,0-1,2026.01.07 11:58:41
jtkms,Chess.com,26,1,257,2,17,1,39,34,Qd2,e2d2,Qc7,d8c7,2rq1rk1/3n1pbp/p2p1np1/1p1Pp3/1P2P3/2N1B2P/P1B1QPP1/3RR1K1 w - - 3 18,2rq1rk1/3n1pbp/p2p1np1/1p1Pp3/1P2P3/2N1B2P/P1BQ1PP1/3RR1K1 b - - 4 18,d8c7|c3b5|c7c2|b5d6|c2d2|d1d2|c8c3|d2d1|f8b8|d1c1|c3a3|c1c7|g7f8|d6c4|a3a2|e1c1|f8b4,-247|-235|-218|-236|-235|-248|-233|-248|-244|-240|-222|-223|-218|-252|-225|-229|-260,-241,HarryWeller,jtkms,black,3600,0-1,2026.01.07 11:58:41
jtkms,Chess.com,26,2,140,1,3,1,3,70,Rac1,a1c1,Rxa2,c2a2,5rk1/5p1p/p2p2p1/1p1Pb3/4P1B1/7P/P1r3P1/R4R1K w - - 4 36,5rk1/5p1p/p2p2p1/1p1Pb3/4P1B1/7P/P1r3P1/2R2R1K b - - 5 36,c2a2|c1c7|b5b4,-498|-482|-495,-482,HarryWeller,jtkms,black,3600,0-1,2026.01.07 11:58:41
jtkms,Chess.com,26,3,193,1,13,0,,76,Rxa6,c6a6,Be5,a1e5,5rk1/5p1p/p1Rp2p1/1p1P4/4P1B1/7P/6P1/b6K w - - 0 39,5rk1/5p1p/R2p2p1/1p1P4/4P1B1/7P/6P1/b6K b - - 0 39,a1e5|g4d7|b5b4|d7a4|f8c8|g2g3|c8c3|a6b6|c3g3|b6b4|g3h3|h1g2|h3h4,-333|-315|-407|-457|-462|-476|-496|-465|-459|-447|-493|-455|-449,-323,HarryWeller,jtkms,black,3600,0-1,2026.01.07 11:58:41
jtkms,Chess.com,26,4,393,3,27,0,,80,Bd7,g4d7,b4,b5b4,1r4k1/5p1p/3R2p1/1p1P4/4P1B1/2b4P/6P1/7K w - - 1 41,1r4k1/3B1p1p/3R2p1/1p1P4/4P3/2b4P/6P1/7K b - - 2 41,b5b4|g2g4|c3e5|d6a6|b4b3|d7a4|b3b2|a4c2|b2b1q|c2b1|b8b1|h1g2|b1a1|a6c6|g8f8|h3h4|a1a3|g4g5|f8e7|c6b6|a3g3|g2f2|g3g4|f2f3|g4h4|b6a6|h4h3,-409|-413|-430|-388|-409|-395|-403|-392|-400|-394|-382|-400|-401|-392|-407|-404|-420|-432|-426|-434|-408|-412|-434|-434|-413|-426|-463,-401,HarryWeller,jtkms,black,3600,0-1,2026.01.07 11:58:41
jtkms,Chess.com,26,5,320,3,3,0,,82,Rf6,d6f6,Bxf6,c3f6,1r4k1/3B1p1p/3R2p1/3P4/1p2P3/2b4P/6P1/7K w - - 0 42,1r4k1/3B1p1p/5Rp1/3P4/1p2P3/2b4P/6P1/7K b - - 1 42,c3f6|d7a4|b4b3,-739|-731|-784,-747,HarryWeller,jtkms,black,3600,0-1,2026.01.07 11:58:41
jtkms,Chess.com,27,0,156,1,11,1,21,17,b5,b7b5,a4,a2a4,r1bqk2r/pp2bppp/2n2n2/3p4/2pP4/1PP2N2/P3BPPP/RNBQR1K1 b kq - 0 9,r1bqk2r/p3bppp/2n2n2/1p1p4/2pP4/1PP2N2/P3BPPP/RNBQR1K1 w kq - 0 10,a2a4|b5b4|f3e5|c6e5|d4e5|f6e4|b3c4|e4f2|g1f2|e7c5|f2g3,165|137|189|142|165|202|154|190|193|180|213,159,jtkms,RichylRich,white,3600,0-1,2026.01.08 12:51:58
jtkms,Chess.com,28,0,415,4,19,1,27,40,Qd3,f3d3,Nf4,d5f4,2r2rk1/p5bp/1p2R1p1/3np3/2P1P3/1P3Q1P/P4PP1/5RK1 w - - 3 21,2r2rk1/p5bp/1p2R1p1/3np3/2P1P3/1P1Q3P/P4PP1/5RK1 b - - 4 21,d5f4|d3d7|f8d8|d7a7|f4e6|a7b6|g8f7|b6a7|c8c7|a7a5|f7f6|a5c3|d8d4|c3f3|f6e7|b3b4|c7c4|f1b1|g7f8,164|151|165|167|171|158|157|176|156|155|152|165|162|137|151|139|126|138|138,142,lucas12371,jtkms,black,3600,0-1,2026.01.09 13:33:33
jtkms,Chess.com,28,1,309,3,7,1,23,44,Qc6,d6c6,Ne2+,f4e2,3r1rk1/p5bp/1p1QR1p1/4p3/2P1Pn2/1P5P/P4PP1/5RK1 w - - 7 23,3r1rk1/p5bp/1pQ1R1p1/4p3/2P1Pn2/1P5P/P4PP1/5RK1 b - - 8 23,f4e2|g1h2|e2d4|c6c7|d4e6|c7a7|d8b8,118|107|120|117|112|113|106,119,lucas12371,jtkms,black,3600,0-1,2026.01.09 13:33:33
jtkms,Chess.com,28,2,885,8,37,1,27,60,Re2,e1e2,Rd1+,d8d1,3rr2k/2Q4p/1p4p1/p7/2P1P3/1Pb4P/P4PP1/4R1K1 w - - 5 31,3rr2k/2Q4p/1p4p1/p7/2P1P3/1Pb4P/P3RPP1/6K1 b - - 6 31,d8d1|g1h2|c3e5|c7e5|e8e5|f2f4|e5e8|e4e5|d1d4|h2g3|h8g7|e2e3|e8f8|g3h2|g7f7|h2g3|f7e7|e3f3|d4d2|f3f1|d2a2|f1c1|f8c8|c1b1|a2d2|g3g4|c8d8|g4f3|d2d1|b1b2|d8d2|b2d2|d1d2|f3e4|d2g2|c4c5|b6c5,-461|-453|-445|-434|-454|-451|-458|-455|-465|-451|-450|-462|-471|-493|-472|-514|-493|-492|-494|-516|-474|-490|-501|-512|-504|-488|-509|-659|-617|-679|-683|-640|-664|-693|-695|-708|-693,-449,lucas12371,jtkms,black,3600,0-1,2026.01.09 13:33:33
jtkms,Chess.com,28,3,129,1,7,1,9,78,Kg5,h4g5,h6+,h7h6,8/6kp/1p4p1/p3P3/2P2PPK/1P5P/r7/8 w - - 1 40,8/6kp/1p4p1/p3P1K1/2P2PP1/1P5P/r7/8 b - - 2 40,h7h6|g5h4|a2g2|c4c5|b6c5|e5e6|g7f6,-609|-610|-643|-691|-677|-737|-1100,-665,lucas12371,jtkms,black,3600,0-1,2026.01.09 13:33:33
jtkms,Chess.com,29,0,177,1,31,0,,36,f4,f2f4,Rab8,a8b8,r4rk1/3q1pbp/b2p1np1/p2Pp3/p3P1P1/P3Q2P/1PBBNP2/R4RK1 w - - 2 19,r4rk1/3q1pbp/b2p1np1/p2Pp3/p3PPP1/P3Q2P/1PBBN3/R4RK1 b - - 0 19,a8b8|d2c3|e5f4|f1f4|d7e7|a1d1|a6e2|e3e2|f6d7|c3g7|g8g7|c2a4|e7e5|e2e3|d7c5|b2b3|f7f5|d1f1|c5e4|f1c1|b8c8|a4c6|h7h5|g4g5|c8b8|c1b1|e4g5|e3e5|d6e5|f4a4|g5h3,-120|-127|-144|-126|-134|-133|-146|-129|-155|-164|-149|-147|-175|-166|-140|-160|-169|-160|-168|-170|-249|-235|-249|-242|-252|-244|-268|-256|-252|-250|-238,-103,Bruno76767676,jtkms,black,3600,1-0,2026.01.10 13:24:53
jtkms,Chess.com,29,1,215,2,27,0,,40,Bc3,d2c3,exf4,e5f4,1r3rk1/3q1pbp/3p1np1/p2Pp3/p3PPP1/P6P/1PBBQ3/R4RK1 w - - 1 21,1r3rk1/3q1pbp/3p1np1/p2Pp3/p3PPP1/P1B4P/1PB1Q3/R4RK1 b - - 2 21,e5f4|e2d2|d7a7|g1g2|g6g5|d2d3|f8c8|a1e1|a7c5|f1f3|b8b2|c3b2|c5c2|d3c2|c8c2|f3f2|c2f2|g2f2|f6g4|h3g4|g7b2|f2f3|g8g7|e1b1|b2a3|b1a1|a3b4,-122|-139|-135|-121|-137|-122|-133|-118|-134|-141|-142|-147|-135|-140|-133|-168|-118|-172|-153|-202|-126|-137|-140|-146|-192|-123|-143,-129,Bruno76767676,jtkms,black,3600,1-0,2026.01.10 13:24:53
jtkms,Chess.com,29,2,100,1,5,1,5,44,Bxf6,c3f6,Bxf6,g7f6,1r3rk1/3q1pb1/3p1np1/p2P3p/p3PRP1/P1B4P/1PB1Q3/R5K1 w - - 0 23,1r3rk1/3q1pb1/3p1Bp1/p2P3p/p3PRP1/P6P/1PB1Q3/R5K1 b - - 0 23,g7f6|f4f6|b8b2|f6f2|d7e7,244|250|240|216|240,236,Bruno76767676,jtkms,black,3600,1-0,2026.01.10 13:24:53
jtkms,Chess.com,29,3,168,1,15,0,,50,Kh1,g1h1,Rc8,f8c8,5rk1/q4p2/3p1Rp1/p2P3p/p3P1P1/P6P/1rB5/R2Q2K1 w - - 2 26,5rk1/q4p2/3p1Rp1/p2P3p/p3P1P1/P6P/1rB5/R2Q3K b - - 3 26,f8c8|a1c1|a7e3|f6f3|e3g5|f3f2|c8c3|d1f1|h5g4|h3g4|b2a2|f2h2|g5g4|e4e5|g4g5,-134|-129|-169|-145|-137|-159|-130|-173|-192|-190|-200|-196|-237|-199|-194,-117,Bruno76767676,jtkms,black,3600,1-0,2026.01.10 13:24:53
jtkms,Chess.com,29,4,345,3,11,0,,52,Bxa4,c2a4,Qe3,c5e3,5rk1/5p2/3p1Rp1/p1qP3p/p3P1P1/P6P/1rB5/R2Q3K w - - 4 27,5rk1/5p2/3p1Rp1/p1qP3p/B3P1P1/P6P/1r6/R2Q3K b - - 0 27,c5e3|f6f3|e3e4|d1d3|e4e5|a4c2|b2c2|d3c2|e5a1|h1g2|h5g4,-351|-384|-385|-391|-387|-426|-383|-373|-377|-378|-381,-335,Bruno76767676,jtkms,black,3600,1-0,2026.01.10 13:24:53
jtkms,Chess.com,29,5,548,5,9,0,,58,Rxd6,f6d6,Rc3,c8c3,2r3k1/5p2/3p1Rp1/p2P3p/B3P1P1/P5QP/1r1q4/R6K w - - 5 30,2r3k1/5p2/3R2p1/p2P3p/B3P1P1/P5QP/1r1q4/R6K b - - 0 30,c8c3|d6d8|g8h7|a1d1|c3g3|d1d2|b2d2|d8d7|h7g7,-515|-535|-551|-541|-517|-529|-533|-532|-527,-505,Bruno76767676,jtkms,black,3600,1-0,2026.01.10 13:24:53
jtkms,Chess.com,29,6,519,5,29,0,,70,Rh8+,d8h8,Kg5,h6g5,3R4/5p2/6pk/p2P3p/B1q1P1P1/P6P/4r3/Q6K w - - 8 36,7R/5p2/6pk/p2P3p/B1q1P1P1/P6P/4r3/Q6K b - - 9 36,h6g5|a1e5|f7f5|h8h5|g6h5|e5f5|g5h4|f5h5|h4g3|h5e5|g3h3|e5h5|h3g3|h5e5|g3h3|e5h5|h3g3|h5e5|g3f2|e5f4|f2e1|a4b5|c4e4|f4e4|e2e4|h1g2|e4g4|g2f3|g4d4,-25|-23|-36|-21|-19|-19|-26|-22|-20|-26|-17|-21|-13|-20|-24|-22|-28|-35|-42|-28|-25|-27|-28|-31|-42|-32|-39|-40|-31,-14,Bruno76767676,jtkms,black,3600,1-0,2026.01.10 13:24:53
jtkms,Chess.com,29,7,476,4,9,0,,72,h4+,h3h4,Kxh4,g5h4,7R/5p2/6p1/p2P2kp/B1q1P1P1/P6P/4r3/Q6K w - - 10 37,7R/5p2/6p1/p2P2kp/B1q1P1PP/P7/4r3/Q6K b - - 0 37,g5h4|a1f6|h4g3|f6e5|g3h3|h8h5|g6h5|e5h5|h3g3,-356|-478|-543|-455|-538|-390|-445|-466|-480,-396,Bruno76767676,jtkms,black,3600,1-0,2026.01.10 13:24:53
